15:20:05, 60.28141859107143
15:20:05, 59.88381070356536
15:20:09, 60.47990110565104
15:20:09, 60.13199420408324
15:20:08, 59.78416765980879
15:20:13, 60.67838362023066
15:20:13, 60.28077573272461
15:20:17, 60.876866134810285
15:20:17, 60.479258247304216
15:20:17, 60.18105233167468
15:20:21, 60.87651791987243
15:20:20, 60.57841914730068
15:20:20, 60.18081125979462
15:20:25, 61.075000434452036
15:20:24, 60.7769016618803
15:20:29, 61.273482949031674
15:20:28, 60.975384176459926
15:20:33, 61.4719654636113
15:20:31, 61.17386669103955
15:20:36, 61.67047476395537
15:20:36, 61.32256786238756
15:20:40, 61.86895727853498
15:20:40, 61.52105037696718
15:20:44, 62.067439793114616
15:20:44, 61.71953289154682
15:20:48, 62.26592230769424
15:20:48, 61.86831442018817
15:20:52, 62.26557409275638
15:20:51, 61.96747532018463
15:20:56, 62.46405660733599
15:20:55, 62.16595783476426
15:21:00, 62.662539121915614
15:20:59, 62.36444034934388
15:21:04, 62.8610484222597
15:21:04, 62.51314152069189
15:21:08, 63.05953093683932
15:21:08, 62.71162403527151
15:21:11, 63.25801345141893
15:21:11, 62.910106549851136
15:21:15, 63.456495965998556
15:21:15, 63.108589064430745
15:21:19, 63.65497848057818
15:21:19, 63.25737059307211
15:21:24, 63.65463026564032
15:21:22, 63.35653149306857
15:21:27, 63.85311278021993
15:21:26, 63.5550140076482
15:21:31, 64.05159529479957
15:21:30, 63.753496522227834
15:21:35, 64.25010459514364
15:21:35, 63.90219769357583
15:21:39, 64.44858710972326
15:21:39, 64.10068020815545
15:21:43, 64.64706962430287
15:21:43, 64.29916272273508
15:21:47, 64.84555213888251
15:21:47, 64.44794425137646
15:21:51, 64.84520392394465
15:21:50, 64.5471051513729
15:21:55, 65.04368643852428
15:21:53, 64.74558766595253
15:21:59, 65.24216895310389
15:21:57, 64.94407018053215
15:22:02, 65.44067825344796
15:22:02, 65.09277135188016
15:22:06, 65.6391607680276
15:22:06, 65.29125386645978
15:22:10, 65.8376432826072
15:22:10, 65.4897363810394
15:22:14, 66.03612579718683
15:22:14, 65.68821889561903
15:22:18, 66.23460831176645
15:22:18, 65.83700042426038
15:22:22, 66.23426009682859
15:22:21, 65.93616132425684
15:22:26, 66.43274261140822
15:22:25, 66.13464383883647
15:22:30, 66.63122512598784
15:22:29, 66.3331263534161
15:22:33, 66.82973442633191
15:22:33, 66.48182752476411
15:22:37, 67.02821694091153
15:22:37, 66.68031003934372
15:22:41, 67.22669945549114
15:22:41, 66.87879255392335
15:22:45, 67.42518197007078
15:22:45, 67.02757408256473
15:22:49, 67.42483375513292
15:22:48, 67.12673498256119
15:22:53, 67.62331626971255
15:22:52, 67.3252174971408
15:22:57, 67.82179878429217
15:22:56, 67.52370001172042
15:23:01, 68.02030808463623
15:23:01, 67.67240118306843
15:23:05, 68.11938862733935
15:23:05, 67.77148172577155
15:23:09, 68.01966522628942
15:23:09, 67.72145931065988
15:23:12, 68.01934379711601
15:23:12, 67.72113788148647
15:23:16, 68.0190223679426
15:23:16, 67.72081645231306
15:23:20, 68.01870093876919
15:23:20, 67.72049502313965
15:23:25, 68.01835272383133
15:23:23, 67.7202539512596
15:23:26, 68.61460384050372
15:23:28, 69.21088174294057
15:23:28, 68.01805808042238
15:23:27, 67.71993252208618
15:23:30, 70.00593680336597
15:23:30, 69.60832891585991
15:23:30, 68.81311314084779
15:23:30, 68.46520623928
15:23:32, 70.80096507802695
15:23:32, 70.30398200440882
15:23:32, 69.30996228564366
15:23:34, 71.39724298046379
15:23:33, 69.8068917877329
15:23:36, 72.1922980408892
15:23:36, 71.79469015338314
15:23:36, 70.99947437837102
15:23:36, 70.65156747680321
15:23:35, 70.20433896065225
15:23:38, 72.98732631555018
15:23:38, 72.49034324193205
15:23:38, 71.4963235231669
15:23:40, 73.583604217987
15:23:39, 71.99325302525611
15:23:42, 74.37863249264798
15:23:42, 73.88164941902986
15:23:42, 73.1858088301298
15:23:41, 72.78830808568154
15:23:41, 72.39070019817548
15:23:44, 74.97488360932036
15:23:46, 74.37833784923902
15:23:45, 73.98081031902632
15:23:45, 73.68260440339677
15:23:48, 75.17339290966444
15:23:48, 74.77578502215837
15:23:52, 75.17307148049103
15:23:52, 74.77546359298496
15:23:55, 75.17275005131762
15:23:55, 74.77514216381155
15:23:55, 74.3775342763055
15:23:55, 73.97992638879944
15:23:55, 73.58231850129337
15:23:55, 73.18471061378732
15:23:55, 72.78710272628125
15:23:55, 72.38949483877519
15:23:55, 71.99188695126912
15:23:55, 71.59427906376307
15:23:55, 71.19667117625701
15:23:55, 70.79906328875094
15:23:55, 70.40145540124489
15:23:55, 70.00384751373882
15:23:55, 69.60623962623276
15:23:55, 69.20863173872671
15:23:55, 68.81102385122064
15:23:55, 68.41341596371458
15:23:55, 68.01580807620851
15:23:55, 67.61820018870246
15:23:55, 67.27029328713465
15:23:58, 66.82279691333919
15:23:57, 66.32581383972106
15:23:57, 65.928205952215
15:23:56, 65.72948236575532
15:23:58, 74.97370503568453
15:23:58, 74.57609714817848
15:23:58, 74.17848926067241
15:23:58, 73.78088137316635
15:23:58, 73.38327348566028
15:23:58, 72.98566559815423
15:23:58, 72.58805771064817
15:23:58, 72.1904498231421
15:23:58, 71.79284193563605
15:23:58, 71.39523404812998
15:23:58, 70.99762616062392
15:23:58, 70.60001827311785
15:23:58, 70.2024103856118
15:23:58, 69.80480249810574
15:23:58, 69.40719461059967
15:23:59, 69.00950636580026
15:23:59, 68.6118984782942
15:23:59, 68.21429059078814
15:23:59, 67.81668270328208
15:23:59, 67.41907481577601
15:23:59, 65.43103537824571
15:23:59, 65.03342749073965
15:24:00, 67.02138657097662
15:24:00, 66.62377868347055
15:24:00, 66.22617079596449
15:24:01, 65.82848255116507
15:24:01, 64.7350608605234
15:24:02, 65.43079430636566
15:24:03, 65.03310606156626
15:24:05, 64.73473943135
15:24:07, 65.03278463239285
15:24:09, 64.73441800217658
15:24:11, 65.03246320321944
15:24:13, 64.73409657300319
15:24:15, 65.03214177404602
15:24:17, 64.73377514382977
15:24:19, 65.03182034487261
15:24:21, 64.73345371465636
15:24:23, 65.03147212993476
15:24:27, 65.22995464451436
15:24:26, 64.83245390006611
15:24:31, 65.62724110284704
15:24:30, 65.22974035839877
15:24:34, 66.02455434694413
15:24:34, 65.62694645943807
15:24:33, 65.32882090110188
15:24:39, 66.2230100757593
15:24:37, 65.82550933131104
15:24:43, 66.62029653409195
15:24:42, 66.17301444641208
15:24:47, 66.81877904867157
15:24:45, 66.42127830422332
15:24:50, 67.21606550700423
15:24:49, 66.81856476255598
15:24:54, 67.41454802158385
15:24:53, 67.0170472771356
15:24:58, 67.81183447991651
15:24:57, 67.41433373546825
15:25:02, 68.2091477240136
15:25:02, 67.81153983650755
15:25:01, 67.51341427817135
15:25:06, 68.40760345282878
15:25:05, 68.01010270838051
15:25:10, 68.80488991116144
15:25:10, 68.35760782348157
15:25:14, 69.00337242574106
15:25:13, 68.6058716812928
15:25:18, 69.4006588840737
15:25:16, 69.00315813962546
15:25:21, 69.79797212817081
15:25:21, 69.40036424066474
15:25:20, 69.10223868232856
15:25:26, 69.99642785698597
15:25:24, 69.59892711253772
15:25:29, 70.39371431531865
15:25:29, 69.94643222763877
15:25:33, 70.59219682989826
15:25:32, 70.19469608545
15:25:37, 70.98948328823091
15:25:36, 70.59198254378265
15:25:41, 71.18796580281054
15:25:40, 70.79046505836227
15:25:45, 71.58525226114318
15:25:44, 71.18775151669493
15:25:49, 71.98256550524029
15:25:49, 71.58495761773423
15:25:48, 71.28683205939804
15:25:53, 72.18102123405546
15:25:52, 71.78352048960721
15:25:57, 72.57830769238812
15:25:56, 72.13102560470824
15:26:01, 72.77679020696773
15:25:59, 72.37928946251948
15:26:05, 73.17407666530039
15:26:03, 72.77657592085212
15:26:08, 73.5713899093975
15:26:08, 73.17378202189144
15:26:07, 72.87565646355523
15:26:12, 73.76984563821267
15:26:11, 73.3723448937644
15:26:16, 74.16715888230976
15:26:16, 73.76955099480371
15:26:20, 74.36561461112494
15:26:19, 73.96811386667669
15:26:24, 74.76290106945758
15:26:23, 74.36540032500933
15:26:28, 74.96138358403722
15:26:27, 74.56388283958896
15:26:32, 75.35867004236988
15:26:31, 74.96116929792161
15:26:35, 75.75598328646697
15:26:35, 75.35837539896092
15:26:34, 75.06024984062472
15:26:40, 75.95443901528215
15:26:38, 75.55693827083388
15:26:43, 76.35175225937925
15:26:43, 75.9541443718732
15:26:48, 76.55020798819443
15:26:46, 76.15270724374615
15:26:51, 76.94749444652707
15:26:50, 76.54999370207882
15:26:55, 77.14600374687114
15:26:55, 76.74839585936508
15:26:59, 77.14568231769773
15:26:59, 76.74807443019166
15:27:03, 77.14536088852434
15:27:03, 76.74775300101827
15:27:03, 76.35014511351221
15:27:05, 75.952349725655
15:27:06, 76.94631587289123
15:27:07, 76.44922565621532
15:27:09, 75.95202829648159
15:27:08, 75.65392952390984
15:27:13, 76.15053759682566
15:27:13, 75.7529297093196
15:27:16, 76.15021616765225
15:27:16, 75.75260828014619
15:27:20, 76.14989473847884
15:27:20, 75.75228685097278
15:27:20, 75.35467896346672
15:27:20, 74.95707107596066
15:27:23, 75.95084972284576
15:27:23, 75.55324183533969
15:27:24, 75.15555359054028
15:27:24, 74.75794570303421
15:27:28, 75.15523216136687
15:27:28, 74.7576242738608
15:27:32, 75.05550876031694
15:27:32, 74.65790087281088
15:27:32, 74.26029298530482
15:27:32, 73.86268509779876
15:27:31, 73.66396151133908
15:27:34, 73.36548773806503
15:27:34, 72.8685046644469
15:27:36, 75.1545625172556
15:27:36, 74.65757944363749
15:27:36, 74.25997155613142
15:27:36, 73.86236366862536
15:27:38, 78.1364877447288
15:27:38, 77.73887985722274
15:27:38, 77.34127196971669
15:27:38, 76.94366408221062
15:27:38, 76.54605619470456
15:27:38, 76.14844830719849
15:27:38, 75.75084041969244
15:27:38, 73.36519309465606
15:27:38, 72.96758520715001
15:27:40, 80.91955545692008
15:27:40, 80.42257238330195
15:27:40, 80.0249644957959
15:27:40, 79.62735660828983
15:27:40, 79.22974872078377
15:27:40, 78.8321408332777
15:27:40, 78.43453294577165
15:27:40, 75.35304503183524
15:27:40, 74.8560619582171
15:27:39, 74.55793639988092
15:27:39, 74.16032851237485
15:27:39, 73.76272062486879
15:27:42, 77.98706335774062
15:27:41, 77.53983484158965
15:27:41, 77.1422269540836
15:27:41, 76.74461906657753
15:27:41, 76.34701117907147
15:27:41, 75.94940329156542
15:27:44, 81.11806475726415
15:27:44, 80.7204568697581
15:27:44, 80.32284898225203
15:27:44, 79.92524109474597
15:27:44, 79.5276332072399
15:27:44, 79.13002531973385
15:27:44, 78.73241743222779
15:27:44, 78.33480954472172
15:27:46, 77.97014814749001
15:27:47, 80.91901974163106
15:27:48, 80.42192952495513
15:27:48, 80.02432163744908
15:27:48, 79.62671374994301
15:27:48, 79.22910586243695
15:27:48, 78.83149797493088
15:27:48, 78.43389008742483
15:27:50, 77.93669272769111
15:27:49, 77.63859395511936
15:27:54, 78.13520202803517
15:27:54, 77.73759414052911
15:27:57, 78.13488059886176
15:27:57, 77.7372727113557
15:28:01, 78.13455916968834
15:28:01, 77.73695128218229
15:28:05, 78.13423774051495
15:28:05, 77.73662985300889
15:28:09, 78.13391631134154
15:28:09, 77.73630842383548
15:28:13, 78.03419291029162
15:28:13, 77.63658502278555
15:28:13, 77.2389771352795
15:28:15, 76.89090951912499
15:28:16, 77.73574592278202
15:28:17, 77.3380576779826
15:28:17, 76.54284190297048
15:28:19, 76.94028907588984
15:28:19, 76.14507330087771
15:28:21, 76.54252047379707
15:28:21, 75.7970056847232
15:28:23, 76.1447518717043
15:28:23, 75.34953609669219
15:28:25, 75.74698326961155
15:28:25, 75.00146848053768
15:28:27, 75.34921466751878
15:28:29, 74.95141927966156
15:28:28, 74.65332050708983
15:28:33, 75.54753646751169
15:28:33, 75.14992858000564
15:28:33, 74.75232069249957
15:28:35, 75.9449568546666
15:28:36, 75.3981120805235
15:28:36, 74.95088356437255
15:28:38, 76.14346615501067
15:28:38, 75.74585826750462
15:28:42, 76.14314472583726
15:28:42, 75.7455368383312
15:28:42, 75.3976299367634
15:28:45, 74.95013356296792
15:28:44, 74.45315048934981
15:28:44, 74.05554260184374
15:28:43, 73.85681901538406
15:28:46, 75.94401935291083
15:28:46, 75.54641146540476
15:28:46, 73.55837202787446
15:28:46, 73.1607641403684
15:28:46, 72.81285723880059
15:28:48, 75.148642863312
15:28:48, 74.75103497580594
15:28:48, 74.35342708829988
15:28:48, 73.95581920079383
15:28:50, 81.11257367555176
15:28:50, 80.61559060193363
15:28:50, 80.21798271442756
15:28:50, 79.82037482692151
15:28:50, 79.42276693941545
15:28:50, 79.02515905190938
15:28:50, 78.62755116440333
15:28:50, 78.22994327689726
15:28:50, 77.8323353893912
15:28:50, 77.43472750188513
15:28:50, 77.03711961437908
15:28:50, 76.63951172687302
15:28:50, 76.24190383936696
15:28:50, 75.8442959518609
15:28:50, 75.44668806435483
15:28:50, 73.5580238129366
15:28:50, 73.06104073931847
15:28:49, 72.76291518098228
15:28:52, 86.87772732980295
15:28:52, 86.38074425618481
15:28:52, 85.98313636867876
15:28:52, 85.5855284811727
15:28:52, 85.18792059366663
15:28:52, 84.79031270616058
15:28:52, 84.39270481865451
15:28:52, 83.99509693114845
15:28:52, 83.59748904364238
15:28:52, 83.19988115613633
15:28:52, 82.80227326863027
15:28:52, 82.4046653811242
15:28:52, 82.00705749361815
15:28:52, 81.60944960611208
15:28:52, 74.98262469524663
15:28:51, 74.55198996017286
15:28:51, 74.15438207266679
15:28:54, 90.10815748696744
15:28:54, 89.71054959946137
15:28:54, 89.06440999649956
15:28:54, 88.56742692288145
15:28:54, 88.1698190353754
15:28:54, 87.77221114786933
15:28:54, 87.37460326036327
15:28:54, 81.11225224637835
15:28:54, 80.61526917276024
15:28:54, 80.21766128525417
15:28:54, 79.82005339774811
15:28:53, 79.5219278394119
15:28:53, 79.12431995190585
15:28:53, 78.72671206439979
15:28:53, 78.32910417689372
15:28:53, 77.93149628938767
15:28:53, 77.5338884018816
15:28:53, 77.13628051437554
15:28:53, 76.73867262686947
15:28:53, 76.34106473936342
15:28:53, 75.94345685185736
15:28:53, 75.5458489643513
15:28:56, 86.87743268639399
15:28:56, 86.47982479888792
15:28:56, 86.08221691138186
15:28:56, 85.6846090238758
15:28:55, 85.2870814936631
15:28:55, 84.88947360615704
15:28:55, 84.49186571865097
15:28:55, 84.09425783114492
15:28:55, 83.69664994363885
15:28:55, 83.29904205613279
15:28:55, 82.90143416862672
15:28:55, 82.50382628112067
15:28:55, 82.10621839361461
15:28:55, 81.70861050610854
15:28:58, 90.05813507185577
15:28:58, 89.66052718434972
15:28:58, 89.26291929684365
15:28:58, 88.8653114093376
15:28:58, 88.51740450776978
15:28:57, 88.07017599161881
15:28:57, 87.67256810411274
15:28:57, 87.27496021660669
15:29:01, 90.15729597185224
15:29:02, 89.75960772705281
15:29:02, 89.0637939239172
15:29:02, 88.66618603641115
15:29:02, 88.26857814890509
15:29:02, 87.87097026139902
15:29:02, 87.47336237389297
15:29:02, 87.0757544863869
15:29:02, 86.67814659888084
15:29:02, 86.28053871137477
15:29:02, 85.88293082386872
15:29:02, 85.48532293636266
15:29:02, 85.0877150488566
15:29:02, 84.69010716135054
15:29:02, 84.29249927384447
15:29:02, 83.89489138633841
15:29:02, 83.49728349883236
15:29:02, 83.09967561132629
15:29:04, 82.85100996704831
15:29:05, 88.86474890828413
15:29:05, 88.46714102077806
15:29:05, 88.069533133272
15:29:05, 87.67192524576593
15:29:05, 87.27431735825988
15:29:05, 86.87670947075382
15:29:05, 86.47910158324775
15:29:05, 86.0814936957417
15:29:05, 85.68388580823563
15:29:05, 85.28627792072957
15:29:05, 84.88867003322352
15:29:05, 84.49106214571745
15:29:06, 84.09337390091804
15:29:06, 83.69576601341197
15:29:06, 83.29815812590591
15:29:08, 90.15673347079877
15:29:08, 82.93349672867421
15:29:12, 83.09887203839277
15:29:12, 82.80066612276323
15:29:16, 83.09855060921936
15:29:16, 82.80034469358982
15:29:19, 83.09822918004595
15:29:19, 82.80002326441641
15:29:23, 83.09790775087255
15:29:23, 82.79970183524301
15:29:27, 83.09758632169914
15:29:27, 82.69997843419308
15:29:27, 82.30237054668702
15:29:27, 81.95446364511922
15:29:31, 83.09726489252573
15:29:31, 82.69965700501967
15:29:31, 82.3020491175136
15:29:31, 81.95414221594581
15:29:35, 83.09694346335232
15:29:35, 82.79873754772278
15:29:37, 83.8919717380133
15:29:37, 83.39498866439517
15:29:39, 82.94751907636413
15:29:41, 84.09048103835737
15:29:41, 83.6928731508513
15:29:41, 83.29526526334524
15:29:43, 82.89749666125248
15:29:43, 82.49988877374642
15:29:43, 82.10228088624037
15:29:43, 81.7046729987343
15:29:43, 81.30706511122824
15:29:43, 80.95915820966043
15:29:45, 83.99075763730744
15:29:45, 83.59314974980137
15:29:45, 83.19554186229531
15:29:46, 82.69845164561939
15:29:46, 82.30084375811332
15:29:47, 81.90315551331392
15:29:47, 81.50554762580785
15:29:47, 81.1079397383018
15:29:47, 80.80973382267224
15:29:51, 81.10761830912838
15:29:51, 80.75971140756059
15:29:55, 81.10729687995497
15:29:55, 80.80909096432542
15:29:58, 81.10697545078156
15:29:58, 80.7093675632755
15:30:02, 81.10665402160816
15:30:02, 80.70904613410211
15:30:04, 80.31127753200933
15:30:04, 79.91366964450327
15:30:04, 79.5160617569972
15:30:04, 79.11845386949115
15:30:04, 78.7208459819851
15:30:04, 78.37293908041728
15:30:06, 81.00693062055824
15:30:06, 80.60932273305218
15:30:07, 77.92544270662181
15:30:06, 77.42845963300368
15:30:06, 77.03085174549763
15:30:05, 76.83212815903794
15:30:09, 80.11212537331845
15:30:08, 79.61514229970031
15:30:08, 79.21753441219425
15:30:08, 78.81992652468819
15:30:08, 78.42231863718213
15:30:09, 76.5336543857639
15:30:08, 76.03667131214576
15:30:07, 75.83794772568609
15:30:09, 77.92522842050622
15:30:09, 77.52762053300015
15:30:10, 77.03053031632422
15:30:10, 75.53947395241204
15:30:10, 75.04249087879391
15:30:10, 74.64488299128786
15:30:10, 74.24727510378179
15:30:10, 73.84966721627573
15:30:10, 73.45205932876966
15:30:10, 73.05445144126361
15:30:10, 72.75624552563406
15:30:12, 76.53333295659048
15:30:12, 76.03634988297236
15:30:13, 75.53925966629643
15:30:13, 75.14165177879038
15:30:13, 74.7440438912843
15:30:13, 74.34643600377825
15:30:13, 73.9488281162722
15:30:13, 73.55122022876613
15:30:14, 73.15353198396672
15:30:14, 72.75592409646065
15:30:16, 72.35815549436789
15:30:16, 71.96054760686182
15:30:18, 73.05380858291679
15:30:18, 72.65620069541072
15:30:20, 72.15903012144145
15:30:20, 71.76142223393539
15:30:24, 72.15870869226804
15:30:24, 71.76110080476198
15:30:28, 72.15838726309462
15:30:28, 71.76077937558857
15:30:32, 72.15806583392121
15:30:32, 71.76045794641516
15:30:36, 72.15774440474782
15:30:36, 71.76013651724176
15:30:39, 72.1574229755744
15:30:39, 71.80951607400661
15:30:43, 72.157101546401
15:30:43, 71.85889563077146
15:30:47, 72.15678011722758
15:30:47, 71.85857420159805
15:30:51, 72.35526263180721
15:30:51, 71.95765474430114
15:30:55, 72.35494120263381
15:30:55, 72.05673528700426
15:30:59, 72.3546197734604
15:30:59, 72.05641385783085
15:31:03, 72.55310228804002
15:31:03, 72.15549440053395
15:31:07, 72.55278085886661
15:31:07, 72.25457494323706
15:31:11, 72.5524594296932
15:31:11, 72.25425351406365
15:31:15, 72.55211121475534
15:31:14, 72.2540124421836
15:31:18, 72.75062051509941
15:31:18, 72.40271361353162
15:31:22, 72.750299085926
15:31:22, 72.45209317029646
15:31:27, 72.74995087098814
15:31:25, 72.45185209841641
15:31:30, 72.94846017133221
15:31:30, 72.60055326976442
15:31:34, 72.94813874215882
15:31:34, 72.64993282652927
15:31:38, 72.9478173129854
15:31:38, 72.64961139735586
15:31:42, 73.14629982756503
15:31:42, 72.79839292599722
15:31:46, 73.14597839839162
15:31:46, 72.84777248276207
15:31:50, 73.14565696921821
15:31:50, 72.84745105358866
15:31:54, 73.34413948379783
15:31:54, 72.94653159629178
15:31:58, 73.34381805462442
15:31:58, 73.04561213899488
15:32:01, 73.34349662545101
15:32:01, 73.04529070982147
15:32:05, 73.54197914003063
15:32:05, 73.14437125252458
15:32:09, 73.54165771085722
15:32:09, 73.24345179522768
15:32:13, 73.54133628168383
15:32:13, 73.24313036605429
15:32:17, 73.54098806674597
15:32:16, 73.24288929417422
15:32:21, 73.73949736709004
15:32:21, 73.39159046552223
15:32:25, 73.73917593791663
15:32:25, 73.44097002228708
15:32:29, 73.73882772297877
15:32:28, 73.44072895040702
15:32:33, 73.93733702332285
15:32:33, 73.58943012175504
15:32:37, 73.93701559414944
15:32:37, 73.63880967851989
15:32:40, 73.93669416497603
15:32:40, 73.63848824934648
15:32:44, 74.13517667955564
15:32:44, 73.73756879204959
15:32:46, 73.33980018995682
15:32:48, 74.03545327850571
15:32:48, 73.63784539099966
15:32:49, 72.9420048020996
15:32:52, 74.5321417087149
15:32:52, 74.13453382120883
15:32:52, 73.73692593370278
15:32:52, 73.33931804619671
15:32:51, 72.941790515984
15:32:54, 74.9295620958698
15:32:56, 74.33301633578846
15:32:56, 73.98510943422065
15:32:58, 75.12807139621387
15:32:58, 74.7304635087078
15:33:02, 75.12774996704047
15:33:02, 74.7301420795344
15:33:06, 76.32022541462078
15:33:06, 75.82324234100267
15:33:06, 75.4256344534966
15:33:06, 75.02802656599054
15:33:06, 74.68011966442273
15:33:08, 82.88059484388408
15:33:08, 82.38361177026596
15:33:08, 81.9860038827599
15:33:08, 81.58839599525383
15:33:08, 81.19078810774778
15:33:08, 80.79318022024171
15:33:08, 80.39557233273565
15:33:08, 79.9979644452296
15:33:08, 79.60035655772353
15:33:08, 79.20274867021747
15:33:08, 78.8051407827114
15:33:08, 78.40753289520535
15:33:08, 78.0099250076993
15:33:08, 77.61231712019323
15:33:08, 77.21470923268717
15:33:08, 76.8171013451811
15:33:10, 87.85053272312315
15:33:10, 87.35354964950503
15:33:10, 86.95594176199896
15:33:10, 86.5583338744929
15:33:10, 86.16072598698685
15:33:10, 85.76311809948078
15:33:10, 85.36551021197472
15:33:10, 84.96790232446865
15:33:10, 84.5702944369626
15:33:10, 84.17268654945654
15:33:10, 83.77507866195047
15:33:10, 83.37747077444442
15:33:10, 76.31990398544738
15:33:10, 75.82292091182926
15:33:10, 75.42531302432319
15:33:10, 75.07740612275539
15:33:09, 74.82898155035745
15:33:12, 82.88030020047512
15:33:12, 82.48269231296906
15:33:12, 82.08508442546301
15:33:12, 81.68747653795694
15:33:12, 81.33956963638914
15:33:11, 80.89234112023817
15:33:11, 80.49473323273212
15:33:11, 80.09712534522606
15:33:11, 79.69951745771999
15:33:11, 79.30190957021394
15:33:11, 78.90430168270787
15:33:11, 78.50669379520181
15:33:11, 78.10908590769574
15:33:11, 77.71147802018969
15:33:11, 77.31387013268363
15:33:11, 76.91626224517756
15:33:14, 87.9496400515907
15:33:14, 87.55203216408465
15:33:14, 87.15442427657858
15:33:14, 86.75681638907253
15:33:13, 86.45869083073633
15:33:13, 86.06108294323028
15:33:13, 85.6634750557242
15:33:13, 85.26586716821815
15:33:13, 84.8682592807121
15:33:13, 84.47065139320603
15:33:13, 84.07304350569997
15:33:13, 83.6754356181939
15:33:13, 83.27782773068785
15:33:18, 87.05470087552865
15:33:18, 86.70679397396086
15:33:21, 87.05437944635524
15:33:21, 86.65677155884919
15:33:21, 86.25916367134312
15:33:21, 85.86155578383706
15:33:21, 85.463947896331
15:33:21, 85.06634000882494
15:33:21, 84.7681340931954
15:33:24, 86.85533443072217
15:33:24, 86.4577265432161
15:33:24, 86.06011865571004
15:33:24, 85.66251076820397
15:33:25, 85.16542055152806
15:33:25, 84.81751364996026
15:33:29, 85.06569715047813
15:33:29, 84.71779024891033
15:33:31, 84.27032066087929
15:33:31, 83.87271277337324
15:33:31, 83.47510488586718
15:33:31, 83.12719798429937
15:33:33, 84.9659737494282
15:33:33, 84.56836586192215
15:33:33, 82.82883135408314
15:33:34, 84.07127564524622
15:33:35, 83.57418542857029
15:33:35, 83.17657754106423
15:33:37, 82.7291079530332
15:33:39, 83.0768541400143
15:33:39, 82.28163836500218
15:33:39, 81.88403047749613
15:33:39, 81.48642258999006
15:33:41, 82.67905875215709
15:33:41, 81.08862720213284
15:33:40, 80.79052842956109
15:33:42, 82.0825933493691
15:33:43, 81.68490510456968
15:33:45, 81.18773453060041
15:33:45, 80.8398276290326
15:33:44, 80.59140305663466
15:33:49, 81.08801112955048
15:33:49, 80.78980521392093
15:33:53, 81.08768970037707
15:33:53, 80.78948378474752
15:33:57, 81.08736827120366
15:33:57, 80.7891623555741
15:34:00, 81.08704684203025
15:34:00, 80.7888409264007
15:34:04, 81.08672541285685
15:34:04, 80.6891175253508
15:34:06, 80.29134892325801
15:34:06, 79.89374103575196
15:34:06, 79.49613314824589
15:34:06, 79.14822624667809
15:34:08, 80.98700201180692
15:34:08, 80.58939412430087
15:34:09, 78.70072987288263
15:34:08, 78.2037467992645
15:34:08, 77.80613891175844
15:34:08, 77.40853102425237
15:34:08, 77.01092313674631
15:34:08, 76.61331524924026
15:34:08, 76.21570736173419
15:34:08, 75.81809947422813
15:34:10, 80.09222355033158
15:34:10, 79.69461566282551
15:34:10, 79.29700777531946
15:34:10, 75.32092890025885
15:34:10, 74.92332101275278
15:34:10, 74.52571312524672
15:34:10, 74.12810523774066
15:34:10, 73.78019833617286
15:34:11, 78.89931953052005
15:34:11, 78.50171164301399
15:34:11, 78.10410375550792
15:34:11, 77.70649586800187
15:34:11, 77.30888798049581
15:34:11, 76.91128009298974
15:34:12, 76.51359184819033
15:34:12, 76.11598396068426
15:34:12, 75.7183760731782
15:34:14, 75.32060747108545
15:34:14, 74.92299958357938
15:34:14, 74.52539169607333
15:34:14, 74.12778380856726
15:34:14, 73.7301759210612
15:34:16, 75.7180546440048
15:34:18, 76.91069080617183
15:34:18, 76.4137077325537
15:34:18, 76.01609984504763
15:34:18, 75.3202592561476
15:34:18, 74.82327618252945
15:34:18, 74.4256682950234
15:34:18, 74.02806040751733
15:34:17, 73.72993484918115
15:34:22, 77.1092001065159
15:34:22, 76.71159221900983
15:34:21, 76.31406468879713
15:34:21, 75.91645680129108
15:34:21, 75.518848913785
15:34:21, 75.12124102627895
15:34:21, 74.72363313877288
15:34:26, 77.10887867734249
15:34:26, 76.71127078983642
15:34:30, 77.10855724816908
15:34:30, 76.71094936066301
15:34:34, 77.10820903323122
15:34:34, 76.66092694555137
15:34:38, 80.8851625353654
15:34:38, 80.38817946174727
15:34:38, 79.99057157424122
15:34:38, 79.59296368673515
15:34:38, 79.19535579922909
15:34:38, 78.79774791172302
15:34:38, 78.40014002421697
15:34:38, 78.00253213671091
15:34:38, 77.60492424920484
15:34:38, 77.20731636169879
15:34:38, 76.85940946013098
15:34:37, 76.61098488773304
15:34:41, 81.08367183570947
15:34:41, 80.68606394820341
15:34:40, 80.2885364179907
15:34:40, 79.89092853048464
15:34:40, 79.49332064297857
15:34:40, 79.09571275547252
15:34:40, 78.69810486796646
15:34:40, 78.3004969804604
15:34:40, 77.90288909295434
15:34:40, 77.50528120544827
15:34:40, 77.10767331794221
15:34:45, 81.08335040653606
15:34:45, 80.68574251903
15:34:49, 81.08302897736264
15:34:49, 80.73512207579485
15:34:53, 81.08270754818925
15:34:53, 80.7845016325597
15:34:57, 81.08238611901584
15:34:57, 80.73447921744804
15:35:01, 81.08206468984243
15:35:01, 80.73415778827463
15:35:05, 81.08174326066901
15:35:05, 80.68413537316296
15:35:09, 80.88261788774257
15:35:09, 80.48501000023651
15:35:13, 80.68349251481615
15:35:13, 80.33558561324834
15:35:17, 80.4843671418897
15:35:17, 80.1364602403219
15:35:20, 80.28524176896326
15:35:20, 79.93733486739546
15:35:24, 80.08611639603683
15:35:24, 79.73820949446902
15:35:28, 79.88699102311038
15:35:28, 79.53908412154257
15:35:32, 79.68786565018395
15:35:32, 79.33995874861616
15:35:36, 79.4887402772575
15:35:36, 79.14083337568971
15:35:40, 79.28961490433107
15:35:40, 78.94170800276326
15:35:44, 79.09048953140463
15:35:44, 78.74258262983682
15:35:48, 78.89136415847818
15:35:48, 78.54345725691039
15:35:52, 78.69223878555177
15:35:52, 78.34433188398395
15:35:56, 78.49311341262532
15:35:56, 78.14520651105751
15:36:00, 78.29398803969887
15:36:00, 77.94608113813108
15:36:03, 78.09486266677243
15:36:03, 77.74695576520463
15:36:07, 77.895737293846
15:36:07, 77.54783039227819
15:36:11, 77.69661192091955
15:36:11, 77.34870501935175
15:36:15, 77.49748654799312
15:36:15, 77.14957964642532
15:36:19, 77.29836117506669
15:36:19, 76.95045427349888
15:36:23, 77.19863777401676
15:36:23, 76.80102988651069
15:36:27, 76.99951240109031
15:36:27, 76.60190451358426
15:36:31, 76.80038702816387
15:36:31, 76.40277914065781
15:36:35, 76.60126165523745
15:36:35, 76.20365376773138
15:36:39, 76.402136282311
15:36:39, 76.00452839480494
15:36:42, 76.20301090938456
15:36:42, 75.85510400781676
15:36:46, 76.10328750833463
15:36:46, 75.70567962082858
15:36:50, 76.10296607916122
15:36:50, 75.70535819165517
15:36:54, 76.10264464998782
15:36:54, 75.70503676248177
15:36:58, 76.10232322081441
15:36:58, 75.70471533330836
15:37:02, 76.102001791641
15:37:02, 75.70439390413495
15:37:06, 76.10168036246759
15:37:06, 75.70407247496154
15:37:10, 76.00195696141766
15:37:10, 75.65405005984987
15:37:14, 75.90223356036776
15:37:14, 75.55432665879995
15:37:18, 75.70310818744132
15:37:18, 75.3552012858735
15:37:21, 75.50398281451487
15:37:21, 75.20577689888533
15:37:25, 75.40425941346494
15:37:25, 75.05635251189715
15:37:29, 75.20513404053851
15:37:29, 74.8572271389707
15:37:33, 75.1054106394886
15:37:33, 74.75750373792079
15:37:37, 74.90628526656215
15:37:37, 74.55837836499435
15:37:41, 74.7071598936357
15:37:41, 74.35925299206791
15:37:45, 74.60743649258579
15:37:45, 74.25952959101798
15:37:49, 74.40831111965934
15:37:49, 74.06040421809153
15:37:53, 74.30858771860943
15:37:53, 73.91097983110338
15:37:57, 74.10946234568299
15:37:57, 73.76155544411519
15:38:01, 73.91033697275655
15:38:01, 73.56243007118874
15:38:04, 73.81061357170663
15:38:04, 73.46270667013881
15:38:08, 73.61148819878018
15:38:08, 73.26358129721237
15:38:12, 73.41236282585375
15:38:12, 73.06445592428595
15:38:16, 73.31263942480382
15:38:16, 72.96473252323602
15:38:20, 73.11351405187739
15:38:20, 72.76560715030958
15:38:24, 72.91438867895094
15:38:24, 72.61618276332139
15:38:28, 72.81466527790101
15:38:28, 72.46675837633322
15:38:32, 72.7149418768511
15:38:32, 72.31733398934504
15:38:36, 72.51581650392467
15:38:36, 72.16790960235686
15:38:40, 72.31669113099822
15:38:40, 71.96878422943041
15:38:43, 72.11756575807178
15:38:43, 71.81935984244224
15:38:47, 72.01784235702185
15:38:47, 71.66993545545405
15:38:51, 71.81871698409542
15:38:51, 71.4708100825276
15:38:55, 71.7189935830455
15:38:55, 71.37108668147769
15:38:59, 71.51986821011906
15:38:59, 71.17196130855126
15:39:03, 71.32074283719261
15:39:03, 71.02253692156307
15:39:07, 71.22101943614268
15:39:07, 70.87311253457489
15:39:11, 74.69976702264731
15:39:11, 74.30215913514125
15:39:11, 73.9045512476352
15:39:11, 73.50694336012913
15:39:11, 73.10933547262307
15:39:11, 72.711727585117
15:39:11, 72.31411969761095
15:39:11, 71.91651181010488
15:39:11, 71.51890392259882
15:39:11, 71.12129603509277
15:39:11, 70.7236881475867
15:39:13, 75.89240318481436
15:39:13, 75.39542011119622
15:39:13, 74.99781222369016
15:39:15, 74.50064164972089
15:39:15, 74.10303376221482
15:39:15, 73.70542587470877
15:39:15, 73.3078179872027
15:39:15, 72.91021009969664
15:39:15, 72.51260221219059
15:39:15, 72.11499432468452
15:39:14, 71.7174667944718
15:39:14, 71.31985890696573
15:39:14, 70.92225101945968
15:39:17, 90.05688953380881
15:39:17, 89.708982632241
15:39:17, 77.68131724941821
15:39:17, 77.18433417580009
15:39:17, 76.78672628829402
15:39:17, 76.38911840078796
15:39:17, 75.9915105132819
15:39:17, 75.6436036117141
15:39:16, 75.29577706743966
15:39:16, 74.89816917993359
15:39:19, 88.21779233950659
15:39:19, 87.82018445200052
15:39:19, 87.42257656449446
15:39:19, 87.0249686769884
15:39:19, 86.62736078948234
15:39:19, 86.22975290197627
15:39:19, 85.83214501447021
15:39:19, 85.43453712696416
15:39:19, 85.03692923945809
15:39:19, 84.63932135195203
15:39:19, 84.24171346444597
15:39:19, 83.84410557693991
15:39:19, 83.44649768943385
15:39:19, 83.04888980192779
15:39:19, 82.65128191442173
15:39:19, 82.25367402691566
15:39:19, 81.8560661394096
15:39:19, 81.45845825190354
15:39:19, 81.06085036439748
15:39:19, 80.66324247689143
15:39:19, 80.26563458938536
15:39:19, 79.8680267018793
15:39:19, 79.47041881437323
15:39:19, 79.07281092686718
15:39:19, 78.67520303936112
15:39:19, 78.27759515185505
15:39:21, 91.00086005169786
15:39:21, 90.50387697807972
15:39:21, 90.10626909057366
15:39:21, 89.70866120306759
15:39:21, 89.31105331556154
15:39:21, 88.91344542805548
15:39:21, 88.51583754054941
15:39:21, 77.87979976399784
15:39:21, 77.3828166903797
15:39:21, 76.98520880287364
15:39:21, 76.58760091536759
15:39:21, 76.23969401379978
15:39:20, 75.89186746952534
15:39:22, 91.99474584164075
15:39:22, 91.5971379541347
15:39:22, 88.01866696658014
15:39:22, 87.62105907907407
15:39:22, 87.22345119156802
15:39:22, 86.82584330406196
15:39:22, 86.42823541655589
15:39:22, 86.03062752904984
15:39:22, 85.63301964154377
15:39:22, 85.28511273997597
15:39:22, 84.83788422382501
15:39:22, 84.44027633631895
15:39:22, 84.04266844881289
15:39:22, 83.64506056130682
15:39:22, 83.24745267380077
15:39:22, 82.8498447862947
15:39:22, 82.45223689878864
15:39:22, 82.05462901128259
15:39:22, 81.65702112377652
15:39:22, 81.25941323627046
15:39:22, 80.86180534876439
15:39:22, 80.46419746125834
15:39:22, 80.06658957375228
15:39:22, 79.66898168624621
15:39:22, 79.27137379874016
15:39:22, 78.87376591123409
15:39:22, 78.47615802372803
15:39:25, 91.19934256627747
15:39:24, 90.70235949265935
15:39:24, 90.3047516051533
15:39:24, 89.90714371764723
15:39:23, 89.60901815931103
15:39:23, 89.21141027180497
15:39:23, 88.81380238429891
15:39:23, 88.41619449679284
15:39:25, 91.79570082600766
15:39:28, 91.0002439791155
15:39:28, 90.60263609160943
15:39:28, 90.20502820410337
15:39:28, 89.8074203165973
15:39:31, 90.8011989634824
15:39:31, 90.40359107597634
15:39:32, 90.00590283117693
15:39:32, 89.70769691554737
15:39:36, 90.00558140200351
15:39:36, 89.60797351449746
15:39:38, 89.21020491240469
15:39:38, 88.81259702489864
15:39:38, 88.41498913739257
15:39:38, 88.01738124988651
15:39:38, 87.61977336238044
15:39:38, 87.22216547487439
15:39:38, 86.82455758736833
15:39:38, 86.42694969986226
15:39:38, 86.02934181235621
15:39:38, 85.63173392485014
15:39:38, 85.23412603734408
15:39:38, 84.83651814983803
15:39:38, 84.43891026233196
15:39:38, 84.0413023748259
15:39:38, 83.64369448731983
15:39:38, 83.24608659981378
15:39:38, 82.84847871230771
15:39:38, 82.45087082480165
15:39:38, 82.0532629372956
15:39:38, 81.65565504978953
15:39:40, 90.0052599728301
15:39:40, 89.60765208532405
15:39:40, 81.25788644769676
15:39:40, 80.8602785601907
15:39:40, 80.46267067268464
15:39:40, 80.06506278517858
15:39:40, 79.66745489767251
15:39:40, 79.26984701016646
15:39:40, 78.87223912266039
15:39:41, 89.20996384052464
15:39:41, 88.81235595301858
15:39:41, 88.41474806551251
15:39:41, 88.01714017800646
15:39:41, 87.61953229050039
15:39:41, 87.22192440299433
15:39:41, 86.82431651548828
15:39:41, 86.42670862798221
15:39:41, 86.02910074047615
15:39:41, 85.63149285297008
15:39:41, 85.23388496546403
15:39:41, 84.83627707795797
15:39:41, 84.4386691904519
15:39:41, 84.04106130294585
15:39:41, 83.64345341543978
15:39:42, 83.24576517064037
15:39:42, 82.8481572831343
15:39:42, 82.45054939562824
15:39:42, 82.05294150812219
15:39:42, 81.65533362061612
15:39:43, 90.10442087282657
15:39:43, 89.7068129853205
15:39:43, 81.25764537581671
15:39:43, 80.86003748831064
15:39:43, 80.46242960080458
15:39:43, 80.06482171329853
15:39:43, 79.66721382579246
15:39:44, 79.17012360911654
15:39:44, 78.82221670754873
15:39:43, 78.5737921351508
15:39:48, 79.07040020806662
15:39:48, 78.67279232056056
15:39:50, 78.27502371846778
15:39:50, 77.87741583096172
15:39:50, 77.47980794345565
15:39:50, 77.0822000559496
15:39:50, 76.68459216844353
15:39:50, 76.28698428093747
15:39:50, 75.88937639343142
15:39:50, 75.49176850592535
15:39:50, 75.0941606184193
15:39:50, 74.79595470278974
15:39:52, 85.03417030571967
15:39:52, 84.53718723210154
15:39:52, 84.13957934459549
15:39:52, 83.74197145708942
15:39:52, 83.34436356958336
15:39:52, 82.9467556820773
15:39:52, 82.54914779457124
15:39:52, 82.15153990706517
15:39:52, 81.75393201955912
15:39:52, 81.35632413205306
15:39:52, 80.95871624454699
15:39:52, 80.56110835704094
15:39:52, 80.16350046953487
15:39:52, 79.76589258202881
15:39:52, 79.36828469452276
15:39:52, 78.97067680701669
15:39:52, 78.57306891951063
15:39:54, 86.02805609566258
15:39:54, 85.63044820815651
15:39:54, 78.07589834554135
15:39:54, 77.67829045803529
15:39:54, 77.28068257052924
15:39:54, 76.88307468302317
15:39:54, 76.48546679551711
15:39:54, 76.08785890801104
15:39:54, 75.69025102050499
15:39:54, 75.29264313299893
15:39:54, 74.94473623143112
15:39:56, 85.23267960606374
15:39:56, 84.83507171855769
15:39:56, 84.43746383105162
15:39:56, 84.03985594354556
15:39:56, 83.64224805603949
15:39:56, 83.24464016853344
15:39:56, 82.84703228102737
15:39:56, 82.44942439352131
15:39:56, 82.05181650601526
15:39:56, 81.65420861850919
15:39:56, 81.25660073100313
15:39:56, 80.85899284349706
15:39:56, 80.46138495599101
15:39:56, 80.1134780544232
15:39:55, 79.66624953827224
15:39:55, 79.26864165076618
15:39:55, 78.87103376326012
15:39:55, 78.47342587575406
15:39:58, 86.02773466648917
15:39:58, 85.6301267789831
15:40:00, 85.23233139112588
15:40:00, 84.73534831750776
15:40:00, 84.33774043000169
15:40:00, 83.94013254249563
15:40:00, 83.54252465498956
15:40:00, 83.14491676748351
15:40:00, 82.74730887997745
15:40:00, 82.34970099247138
15:40:00, 81.95209310496533
15:40:00, 81.55448521745926
15:40:00, 81.1568773299532
15:40:00, 80.75926944244713
15:40:00, 80.36166155494108
15:40:00, 79.96405366743502
15:40:00, 79.56644577992896
15:40:00, 79.1688378924229
15:40:00, 78.77123000491683
15:40:00, 78.37362211741078
15:40:00, 77.97601422990472
15:40:00, 77.57840634239865
15:40:00, 77.1807984548926
15:40:00, 76.78319056738653
15:40:00, 76.38558267988047
15:40:00, 75.9879747923744
15:40:00, 75.59036690486835
15:40:00, 75.19275901736229
15:40:00, 74.79515112985622
15:40:00, 74.39754324235017
15:40:00, 73.9999353548441
15:40:00, 73.60232746733804
15:40:00, 73.20471957983199
15:40:00, 72.80711169232592
15:40:01, 85.82868965085608
15:40:03, 82.05125400496179
15:40:03, 81.65364611745572
15:40:03, 81.25603822994967
15:40:03, 80.8584303424436
15:40:03, 80.46082245493754
15:40:03, 80.06321456743149
15:40:03, 79.66560667992542
15:40:03, 79.26799879241936
15:40:03, 78.8703909049133
15:40:03, 78.47278301740724
15:40:03, 78.07517512990117
15:40:03, 77.67756724239511
15:40:03, 77.27995935488906
15:40:03, 76.88235146738299
15:40:03, 76.48474357987693
15:40:03, 76.08713569237086
15:40:03, 75.68952780486481
15:40:03, 75.29191991735875
15:40:03, 74.89431202985268
15:40:03, 74.49670414234663
15:40:03, 74.09909625484056
15:40:03, 73.7014883673345
15:40:03, 73.20439815065859
15:40:03, 72.80679026315252
15:40:03, 72.60806667669283
15:40:07, 73.10467474960866
15:40:07, 72.7070668621026
15:40:11, 73.10435332043525
15:40:11, 72.70674543292918
15:40:15, 73.10403189126184
15:40:15, 72.70642400375577
15:40:19, 73.10368367632398
15:40:19, 72.6564015886441
15:40:21, 77.67601366805698
15:40:21, 77.17903059443886
15:40:21, 76.78142270693279
15:40:21, 76.38381481942673
15:40:21, 75.98620693192066
15:40:21, 75.58859904441461
15:40:21, 75.19099115690855
15:40:21, 74.79338326940248
15:40:21, 74.39577538189643
15:40:21, 73.99816749439036
15:40:21, 73.6005596068843
15:40:23, 73.10336224715057
15:40:22, 72.80526347457882
15:40:25, 78.07330012638963
15:40:25, 77.5763170527715
15:40:25, 77.17870916526545
15:40:25, 76.78110127775938
15:40:25, 76.43319437619158
15:40:24, 76.08536783191713
15:40:24, 75.68775994441107
15:40:24, 75.29015205690501
15:40:24, 74.89254416939895
15:40:24, 74.49493628189289
15:40:24, 74.09732839438682
15:40:24, 73.69972050688077
15:40:27, 79.86237490558021
15:40:27, 79.36539183196209
15:40:27, 78.96778394445602
15:40:27, 78.57017605694996
15:40:29, 78.07300548298066
15:40:28, 77.77487992464448
15:40:31, 80.06088420592428
15:40:31, 79.71297730435647
15:40:30, 79.26574878820551
15:40:30, 78.86814090069944
15:40:30, 78.47053301319339
15:40:35, 80.06056277675087
15:40:35, 79.76235686112132
15:40:37, 80.45800994967023
15:40:39, 80.85543033682512
15:40:39, 80.06021456181301
15:40:38, 79.66271381736475
15:40:43, 80.95453766529269
15:40:43, 80.55692977778664
15:40:43, 80.15932189028057
15:40:43, 79.76171400277451
15:40:45, 80.45728673403005
15:40:46, 80.05959848923065
15:40:46, 79.66199060172458
15:40:50, 80.05927706005724
15:40:50, 79.71137015848943
15:40:54, 80.05895563088383
15:40:54, 79.66134774337776
15:40:58, 80.05863420171042
15:40:58, 79.71072730014261
15:41:02, 80.05831277253702
15:41:02, 79.71040587096921
15:41:04, 90.1474522034166
15:41:04, 89.74984431591054
15:41:04, 86.41985147228283
15:41:04, 85.9228683986647
15:41:04, 85.52526051115865
15:41:04, 85.12765262365258
15:41:04, 84.73004473614652
15:41:04, 84.33243684864046
15:41:04, 83.9348289611344
15:41:04, 83.53722107362833
15:41:04, 83.13961318612228
15:41:04, 82.74200529861622
15:41:04, 82.34439741111015
15:41:04, 81.9467895236041
15:41:04, 81.54918163609803
15:41:04, 81.15157374859197
15:41:04, 80.7539658610859
15:41:04, 80.35635797357985
15:41:06, 97.75151555161888
15:41:06, 97.25453247800074
15:41:06, 96.85692459049469
15:41:06, 96.45931670298863
15:41:06, 96.06170881548256
15:41:06, 95.6641009279765
15:41:06, 95.26649304047044
15:41:06, 94.86888515296438
15:41:06, 94.47127726545831
15:41:06, 94.07366937795226
15:41:06, 93.6760614904462
15:41:06, 93.27845360294013
15:41:06, 92.88084571543408
15:41:06, 92.48323782792801
15:41:06, 92.08562994042195
15:41:06, 91.68802205291588
15:41:06, 91.29041416540983
15:41:06, 90.89280627790377
15:41:06, 90.4951983903977
15:41:06, 89.4017499139916
15:41:06, 88.90476684037347
15:41:06, 88.5071589528674
15:41:06, 88.10955106536134
15:41:06, 87.71194317785528
15:41:06, 87.31433529034922
15:41:06, 86.91672740284315
15:41:06, 79.89229460447163
15:41:08, 89.99802781642842
15:41:08, 86.41955682887387
15:41:08, 86.02194894136781
15:41:08, 85.62434105386174
15:41:08, 85.22673316635569
15:41:08, 84.82912527884963
15:41:08, 84.43151739134356
15:41:08, 84.0339095038375
15:41:08, 83.63630161633144
15:41:08, 83.28839471476364
15:41:07, 82.84116619861267
15:41:07, 82.44355831110661
15:41:07, 82.04595042360056
15:41:07, 81.64834253609449
15:41:07, 81.25073464858843
15:41:07, 80.85312676108236
15:41:07, 80.45551887357631
15:41:10, 97.95002485196294
15:41:10, 97.55241696445688
15:41:10, 97.15480907695081
15:41:10, 96.75720118944476
15:41:10, 96.3595933019387
15:41:10, 95.96198541443263
15:41:09, 95.56445788421993
15:41:09, 95.16684999671386
15:41:09, 94.76924210920781
15:41:09, 94.37163422170175
15:41:09, 93.97402633419568
15:41:09, 93.57641844668963
15:41:09, 93.17881055918356
15:41:09, 92.7812026716775
15:41:09, 92.38359478417144
15:41:09, 91.98598689666538
15:41:09, 91.58837900915933
15:41:09, 91.19077112165326
15:41:09, 90.7931632341472
15:41:09, 90.39555534664113
15:41:10, 89.64996020027391
15:41:09, 89.20273168412295
15:41:09, 88.8051237966169
15:41:09, 88.40751590911083
15:41:09, 88.00990802160477
15:41:09, 87.6123001340987
15:41:09, 87.21469224659265
15:41:09, 86.81708435908659
15:41:12, 89.99770638725502
15:41:14, 97.94970342278953
15:41:14, 97.55209553528347
15:41:14, 97.1544876477774
15:41:14, 96.75687976027135
15:41:14, 96.35927187276529
15:41:14, 95.96166398525922
15:41:14, 95.56405609775317
15:41:14, 95.1664482102471
15:41:14, 94.76884032274104
15:41:14, 94.37123243523499
15:41:14, 93.97362454772892
15:41:14, 93.57601666022286
15:41:14, 93.1784087727168
15:41:14, 92.78080088521074
15:41:14, 92.38319299770467
15:41:14, 91.98558511019861
15:41:14, 91.58797722269256
15:41:14, 91.19036933518649
15:41:14, 90.79276144768043
15:41:14, 90.39515356017436
15:41:14, 89.59993778516225
15:41:14, 89.20232989765618
15:41:14, 88.80472201015013
15:41:14, 88.40711412264406
15:41:14, 88.009506235138
15:41:14, 87.61189834763194
15:41:14, 87.21429046012588
15:41:14, 86.81668257261983
15:41:14, 86.41907468511376
15:41:14, 86.0214667976077
15:41:14, 85.62385891010163
15:41:16, 89.99738495808161
15:41:16, 85.22609030800888
15:41:16, 84.82848242050282
15:41:16, 84.43087453299675
15:41:16, 84.0332666454907
15:41:16, 83.63565875798463
15:41:16, 83.23805087047857
15:41:16, 82.8404429829725
15:41:16, 82.44283509546645
15:41:16, 82.0452272079604
15:41:16, 81.64761932045433
15:41:16, 81.25001143294827
15:41:16, 80.8524035454422
15:41:16, 80.45479565793615
15:41:16, 80.05718777043009
15:41:16, 79.65957988292402
15:41:16, 79.26197199541797
15:41:17, 97.94946235090947
15:41:17, 97.55185446340342
15:41:17, 97.15424657589735
15:41:17, 96.75663868839129
15:41:17, 96.35903080088524
15:41:17, 95.96142291337917
15:41:17, 95.56381502587311
15:41:17, 95.16620713836704
15:41:17, 94.76859925086099
15:41:17, 94.37099136335493
15:41:17, 93.97338347584886
15:41:17, 93.57577558834281
15:41:18, 93.07868537166686
15:41:18, 92.68107748416081
15:41:18, 92.28346959665475
15:41:18, 91.88586170914868
15:41:18, 91.48825382164263
15:41:18, 91.09064593413656
15:41:18, 90.6930380466305
15:41:18, 90.29543015912445
15:41:18, 89.5995895702244
15:41:18, 89.10260649660626
15:41:18, 88.7049986091002
15:41:18, 88.30739072159413
15:41:18, 87.90978283408808
15:41:18, 87.51217494658202
15:41:18, 87.11456705907595
15:41:18, 86.7169591715699
15:41:18, 86.31935128406383
15:41:18, 85.92174339655777
15:41:18, 85.52413550905172
15:41:18, 78.89731059818625
15:41:19, 85.02704529237579
15:41:19, 84.62943740486973
15:41:19, 84.23182951736366
15:41:19, 83.83422162985761
15:41:19, 83.43661374235155
15:41:19, 83.03900585484548
15:41:19, 82.64139796733943
15:41:19, 82.24379007983336
15:41:19, 81.8461821923273
15:41:19, 81.44857430482124
15:41:19, 81.05096641731518
15:41:19, 80.65335852980913
15:41:19, 80.25575064230306
15:41:19, 79.858142754797
15:41:20, 79.46045450999758
15:41:21, 90.09638514349136
15:41:21, 89.69877725598529
15:41:22, 79.06268590790482
15:41:22, 78.66507802039877
15:41:24, 78.26730941830598
15:41:24, 77.86970153079993
15:41:24, 77.47209364329386
15:41:24, 77.0744857557878
15:41:24, 76.67687786828174
15:41:24, 76.32897096671394
15:41:25, 78.9629625068549
15:41:25, 78.56535461934884
15:41:26, 75.88147459291847
15:41:25, 75.38449151930034
15:41:25, 74.98688363179429
15:41:24, 74.78816004533459
15:41:28, 78.06815725961509
15:41:27, 77.57117418599697
15:41:27, 77.17356629849091
15:41:27, 76.77595841098484
15:41:27, 76.37835052347879
15:41:28, 75.88126030680287
15:41:28, 75.4836524192968
15:41:28, 75.08604453179075
15:41:28, 74.7878386161612
15:41:31, 77.073842897441
15:41:31, 76.67623500993493
15:41:35, 78.06754118703273
15:41:35, 77.66993329952668
15:41:35, 77.27232541202062
15:41:35, 76.87471752451455
15:41:35, 76.57651160888501
15:41:37, 80.850608899224
15:41:37, 80.35362582560587
15:41:37, 79.95601793809982
15:41:37, 79.55841005059375
15:41:37, 79.1608021630877
15:41:37, 78.76319427558163
15:41:37, 78.36558638807557
15:41:39, 77.8684158141063
15:41:39, 77.47080792660023
15:41:39, 77.07320003909417
15:41:38, 76.77507448075798
15:41:41, 81.04911819956807
15:41:41, 80.70121129800027
15:41:40, 80.2539827818493
15:41:40, 79.85637489434325
15:41:40, 79.45876700683718
15:41:40, 79.06115911933112
15:41:40, 78.66355123182507
15:41:40, 78.265943344319
15:41:43, 81.84414647422905
15:41:43, 81.34716340061092
15:41:45, 84.8260449159378
15:41:45, 84.32906184231967
15:41:45, 83.93145395481362
15:41:45, 83.53384606730755
15:41:45, 83.1362381798015
15:41:45, 82.73863029229544
15:41:45, 82.34102240478937
15:41:45, 80.88310003150269
15:41:47, 81.84385183082009
15:41:47, 81.49594492925227
15:41:49, 85.02455421628187
15:41:49, 84.62694632877582
15:41:49, 84.22933844126975
15:41:48, 83.83181091105705
15:41:48, 83.43420302355099
15:41:48, 83.03659513604492
15:41:48, 82.63898724853887
15:41:48, 82.2413793610328
15:41:53, 85.02423278710846
15:41:53, 84.6266248996024
15:41:53, 84.22901701209634
15:41:53, 83.83140912459028
15:41:53, 83.43380123708423
15:41:53, 83.03619334957816
15:41:53, 82.6385854620721
15:41:53, 82.24097757456603
15:41:53, 81.84336968705998
15:41:53, 81.4457617995539
15:41:53, 81.04815391204785
15:41:55, 80.65035852419064
15:41:55, 80.15337545057251
15:41:55, 79.80546854900471
15:41:56, 84.82518777147538
15:41:56, 84.42757988396932
15:41:56, 84.02997199646326
15:41:56, 83.63236410895719
15:41:57, 83.13527389228126
15:41:57, 82.7376660047752
15:41:57, 82.34005811726914
15:41:57, 81.94245022976308
15:41:57, 81.54484234225701
15:41:57, 81.14723445475096
15:41:58, 80.65014423807504
15:41:59, 80.1530540213991
15:41:59, 79.75544613389305
15:42:03, 80.05333062034919
15:42:03, 79.65572273284312
15:42:03, 79.25811484533706
15:42:03, 78.86050695783099
15:42:03, 78.46289907032494
15:42:03, 78.06529118281887
15:42:03, 77.71738428125107
15:42:03, 77.2203744218685
15:42:04, 89.69516117778446
15:42:04, 76.87230680571399
15:42:07, 89.99317959306285
15:42:07, 87.60753226802647
15:42:06, 87.11054919440835
15:42:06, 86.7129413069023
15:42:06, 86.31533341939623
15:42:06, 85.91772553189017
15:42:06, 85.52011764438411
15:42:06, 85.12250975687805
15:42:06, 84.72490186937199
15:42:06, 84.32729398186592
15:42:06, 83.92968609435987
15:42:06, 83.5320782068538
15:42:06, 83.13447031934774
15:42:06, 82.73686243184169
15:42:06, 82.33925454433562
15:42:06, 81.94164665682956
15:42:06, 81.54403876932349
15:42:06, 81.14643088181744
15:42:06, 80.74882299431137
15:42:06, 80.35121510680531
15:42:06, 79.95360721929926
15:42:06, 79.55599933179319
15:42:06, 79.15839144428713
15:42:06, 78.76078355678106
15:42:06, 78.36317566927501
15:42:06, 77.96556778176895
15:42:06, 77.56795989426288
15:42:06, 77.17035200675683
15:42:09, 93.77029380978372
15:42:08, 93.2733107361656
15:42:08, 92.87570284865954
15:42:08, 92.47809496115347
15:42:08, 92.08048707364742
15:42:08, 91.68287918614135
15:42:08, 91.2852712986353
15:42:08, 90.88766341112924
15:42:08, 90.49005552362317
15:42:09, 89.39660704721706
15:42:08, 88.89962397359893
15:42:08, 88.50201608609287
15:42:08, 88.10440819858681
15:42:07, 76.77266376195742
15:42:10, 89.99288494965388
15:42:10, 87.60723762461751
15:42:10, 87.20962973711146
15:42:10, 86.8120218496054
15:42:10, 86.41441396209933
15:42:10, 86.01680607459328
15:42:10, 85.6191981870872
15:42:10, 85.22159029958115
15:42:10, 84.8239824120751
15:42:10, 84.47607551050729
15:42:09, 84.02884699435633
15:42:09, 83.63123910685026
15:42:09, 83.2336312193442
15:42:09, 82.83602333183813
15:42:09, 82.43841544433208
15:42:09, 82.04080755682602
15:42:09, 81.64319966931996
15:42:09, 81.2455917818139
15:42:09, 80.84798389430783
15:42:09, 80.45037600680178
15:42:09, 80.05276811929572
15:42:09, 79.65516023178965
15:42:09, 79.2575523442836
15:42:09, 78.85994445677753
15:42:09, 78.46233656927147
15:42:12, 93.9688031101278
15:42:12, 93.62089620856
15:42:11, 93.17366769240903
15:42:11, 92.77605980490297
15:42:11, 92.3784519173969
15:42:11, 91.98084402989085
15:42:11, 91.58323614238479
15:42:11, 91.18562825487872
15:42:11, 90.78802036737267
15:42:11, 90.3904124798666
15:42:12, 89.64481733349938
15:42:11, 89.19758881734842
15:42:11, 88.79998092984236
15:42:11, 88.4023730423363
15:42:11, 88.00476515483024
15:42:14, 90.04226450641875
15:42:16, 93.96848168095438
15:42:16, 93.67027576532485
15:42:15, 89.69427724755758
15:42:20, 93.96816025178097
15:42:20, 93.57055236427492
15:42:22, 93.17278376218215
15:42:22, 92.7751758746761
15:42:22, 92.37756798717002
15:42:22, 91.97996009966397
15:42:22, 91.68175418403442
15:42:24, 93.86843685073106
15:42:24, 93.470828963225
15:42:25, 92.97373874654907
15:42:25, 92.576130859043
15:42:26, 92.07904064236708
15:42:26, 91.73113374079927
15:42:26, 90.09100120483677
15:42:26, 89.6933933173307
15:42:30, 91.97931724131715
15:42:30, 91.58170935381109
15:42:30, 91.18410146630502
15:42:30, 90.78649357879897
15:42:30, 90.3888856912929
15:42:30, 89.99127780378684
15:42:30, 89.59366991628079
15:42:30, 89.19606202877472
15:42:30, 88.79845414126866
15:42:30, 88.4008462537626
15:42:30, 88.00323836625654
15:42:30, 87.60563047875047
15:42:30, 87.20802259124441
15:42:30, 86.81041470373836
15:42:30, 86.41280681623229
15:42:30, 86.01519892872624
15:42:30, 85.61759104122017
15:42:32, 85.21979565336297
15:42:32, 84.72281257974484
15:42:32, 84.32520469223877
15:42:32, 83.92759680473272
15:42:32, 83.52998891722665
15:42:32, 83.13238102972059
15:42:32, 82.73477314221454
15:42:32, 82.33716525470847
15:42:32, 81.93955736720241
15:42:32, 81.54194947969634
15:42:32, 81.14434159219029
15:42:32, 80.74673370468422
15:42:31, 80.54801011822455
15:42:33, 91.78027222568406
15:42:33, 91.382664338178
15:42:33, 90.98505645067195
15:42:33, 90.58744856316588
15:42:34, 90.09035834648996
15:42:34, 89.74245144492215
15:42:33, 89.3946249006477
15:42:33, 88.99701701314163
15:42:34, 88.59932876834223
15:42:34, 88.20172088083618
15:42:34, 87.80411299333011
15:42:34, 87.40650510582405
15:42:34, 87.00889721831798
15:42:34, 86.61128933081193
15:42:34, 86.21368144330586
15:42:34, 85.8160735557998
15:42:34, 80.24956313071495
15:42:34, 79.85195524320889
15:42:34, 79.45434735570282
15:42:34, 79.05673946819677
15:42:34, 78.65913158069071
15:42:34, 78.26152369318464
15:42:34, 77.86391580567859
15:42:35, 85.41838531100039
15:42:35, 85.02077742349432
15:42:35, 84.62316953598827
15:42:35, 84.2255616484822
15:42:35, 83.82795376097614
15:42:35, 83.43034587347009
15:42:35, 83.03273798596402
15:42:35, 82.63513009845796
15:42:35, 82.2375222109519
15:42:35, 81.83991432344584
15:42:35, 81.44230643593977
15:42:36, 80.94521621926384
15:42:36, 80.54760833175779
15:42:37, 90.09011727460991
15:42:37, 89.69250938710384
15:42:37, 80.05051811508187
15:42:37, 79.6529102275758
15:42:38, 79.15582001089987
15:42:38, 78.7582121233938
15:42:38, 78.36060423588775
15:42:37, 78.06247867755155
15:42:37, 77.76427276192202
15:42:42, 80.24889348660368
15:42:42, 79.75191041298555
15:42:42, 79.3543025254795
15:42:42, 78.95669463797343
15:42:41, 78.65856907963725
15:42:44, 80.84514460327605
15:42:45, 80.24859884319471
15:42:45, 79.85099095568866
15:42:45, 79.45338306818259
15:42:45, 79.05585553796989
15:42:45, 78.75764962234034
15:42:47, 81.04365390362014
15:42:47, 80.64604601611408
15:42:52, 83.03134512621259
15:42:51, 82.53436205259446
15:42:51, 82.13675416508839
15:42:51, 81.73914627758234
15:42:51, 81.34153839007628
15:42:51, 80.94393050257021
15:42:50, 80.64580494423403
15:42:54, 84.82041990540316
15:42:53, 84.32343683178503
15:42:53, 83.92582894427898
15:42:53, 83.5282210567729
15:42:55, 83.03105048280362
15:42:55, 82.63344259529757
15:42:55, 82.2358347077915
15:42:55, 81.83822682028544
15:42:55, 81.49031991871763
15:42:55, 81.04301104527332
15:42:54, 80.74488548693712
15:42:57, 85.01892920574723
15:42:57, 84.67102230417943
15:42:56, 84.22379378802846
15:42:56, 83.8261859005224
15:42:56, 83.42857801301635
15:43:01, 85.01860777657382
15:43:01, 84.62099988906776
15:43:01, 84.22339200156169
15:43:01, 83.82578411405564
15:43:01, 83.42817622654958
15:43:01, 83.03056833904351
15:43:01, 82.63296045153746
15:43:01, 82.23535256403139
15:43:01, 81.83774467652533
15:43:01, 81.44013678901926
15:43:01, 81.04252890151321
15:43:03, 80.79386325723522
15:43:04, 84.81956276094074
15:43:04, 84.42195487343467
15:43:04, 84.02434698592862
15:43:04, 83.62673909842255
15:43:04, 83.22913121091649
15:43:04, 82.83152332341042
15:43:04, 82.43391543590437
15:43:04, 82.03630754839831
15:43:04, 81.63869966089224
15:43:05, 81.24101141609283
15:43:07, 80.87635001886113
15:43:11, 81.04172532857969
15:43:11, 80.64411744107363
15:43:11, 80.24650955356756
15:43:11, 79.84890166606151
15:43:13, 79.45110627820428
15:43:13, 78.95412320458617
15:43:13, 78.55651531708011
15:43:13, 78.15890742957404
15:43:13, 77.81100052800625
15:43:14, 80.8426803129466
15:43:14, 80.44507242544054
15:43:15, 80.04738418064113
15:43:16, 79.6496959358417
15:43:16, 79.25208804833565
15:43:16, 78.85448016082958
15:43:16, 78.45687227332353
15:43:17, 78.05918402852411
15:43:17, 77.66157614101806
15:43:21, 78.0588625993507
15:43:21, 77.71095569778291
15:43:25, 78.05854117017729
15:43:25, 77.66093328267124
15:43:25, 77.26332539516518
15:43:25, 76.86571750765911
15:43:25, 76.46810962015306
15:43:25, 76.07050173264699
15:43:25, 75.67289384514093
15:43:25, 75.27528595763488
15:43:25, 74.87767807012881
15:43:25, 74.48007018262275
15:43:25, 74.08246229511668
15:43:27, 73.68466690725948
15:43:26, 73.18768383364136
15:43:26, 72.79007594613529
15:43:27, 77.85949615454422
15:43:27, 77.46188826703815
15:43:27, 77.0642803795321
15:43:28, 76.56719016285616
15:43:28, 76.1695822753501
15:43:28, 75.77197438784404
15:43:28, 75.37436650033797
15:43:28, 74.97675861283192
15:43:28, 74.57915072532586
15:43:28, 74.18154283781979
15:43:30, 73.68437226385052
15:43:30, 73.28676437634445
15:43:30, 72.93885747477665
15:43:32, 74.08181943676988
15:43:34, 73.68405083467711
15:43:36, 74.08149800759647
15:43:38, 73.6837294055037
15:43:40, 74.08117657842305
15:43:42, 73.6834079763303
15:43:44, 74.08085514924964
15:43:46, 73.68308654715689
15:43:48, 74.08053372007623
15:43:50, 73.71587232284453
15:43:52, 90.03422877708354
15:43:52, 89.68632187551573
15:43:52, 74.8257270799767
15:43:52, 74.27898944889141
15:43:54, 86.80347719074564
15:43:54, 86.3064941171275
15:43:54, 85.90888622962144
15:43:54, 85.51127834211539
15:43:54, 85.11367045460932
15:43:54, 84.71606256710326
15:43:54, 84.3184546795972
15:43:54, 83.92084679209114
15:43:54, 83.52323890458507
15:43:54, 83.12563101707902
15:43:54, 82.72802312957296
15:43:54, 82.33041524206689
15:43:54, 81.93280735456084
15:43:54, 81.53519946705477
15:43:54, 81.13759157954871
15:43:54, 80.73998369204264
15:43:54, 80.34237580453659
15:43:54, 79.94476791703053
15:43:54, 79.54716002952446
15:43:54, 79.14955214201841
15:43:54, 78.75194425451234
15:43:54, 78.35433636700628
15:43:54, 77.95672847950023
15:43:54, 77.55912059199416
15:43:54, 77.1615127044881
15:43:54, 76.76390481698203
15:43:54, 76.36629692947598
15:43:54, 75.96868904196991
15:43:54, 75.57108115446385
15:43:54, 75.1734732669578
15:43:54, 73.78184566068659
15:43:56, 93.761454507515
15:43:56, 93.26447143389687
15:43:56, 92.86686354639082
15:43:56, 92.46925565888475
15:43:56, 92.0716477713787
15:43:56, 91.67403988387262
15:43:56, 91.27643199636657
15:43:56, 90.87882410886051
15:43:56, 90.48121622135444
15:43:56, 90.08360833384839
15:43:56, 89.68600044634232
15:43:56, 89.28839255883626
15:43:56, 88.89078467133021
15:43:56, 88.49317678382414
15:43:56, 88.09556889631808
15:43:56, 87.69796100881202
15:43:56, 87.30035312130596
15:43:56, 74.67627590722407
15:43:56, 74.17929283360594
15:43:58, 86.80318254733668
15:43:58, 86.4055746598306
15:43:58, 86.00796677232455
15:43:58, 85.61035888481848
15:43:58, 85.21275099731243
15:43:58, 84.81514310980637
15:43:58, 84.4175352223003
15:43:58, 84.01992733479425
15:43:58, 83.67202043322644
15:43:57, 83.22479191707548
15:43:57, 82.82718402956941
15:43:57, 82.42957614206335
15:43:57, 82.0319682545573
15:43:57, 81.63436036705123
15:43:57, 81.23675247954517
15:43:57, 80.8391445920391
15:43:57, 80.44153670453305
15:43:57, 80.043928817027
15:43:57, 79.64632092952093
15:43:57, 79.24871304201487
15:43:57, 78.8511051545088
15:43:57, 78.45349726700275
15:43:57, 78.05588937949668
15:43:57, 77.65828149199062
15:43:57, 77.26067360448457
15:43:57, 76.8630657169785
15:43:57, 76.46545782947244
15:43:57, 76.06784994196637
15:43:57, 75.67024205446032
15:43:57, 75.27263416695426
15:44:00, 93.95996380785907
15:44:00, 93.56235592035301
15:43:59, 93.1648283901403
15:43:59, 92.76722050263425
15:43:59, 92.36961261512818
15:43:59, 91.97200472762212
15:43:59, 91.57439684011607
15:43:59, 91.17678895261
15:43:59, 90.77918106510394
15:43:59, 90.38157317759787
15:44:00, 90.03358591873672
15:44:00, 89.63597803123065
15:43:59, 89.18874951507969
15:43:59, 88.79114162757364
15:43:59, 88.39353374006757
15:43:59, 87.99592585256151
15:43:59, 87.59831796505544
15:43:59, 87.20071007754939
15:44:04, 93.95964237868566
15:44:04, 93.61173547711786
15:44:04, 90.03326448956331
15:44:04, 89.6853575879955
15:44:05, 93.16426588908683
15:44:05, 92.76665800158078
15:44:05, 92.36905011407471
15:44:05, 91.97144222656866
15:44:05, 91.5738343390626
15:44:05, 91.17622645155653
15:44:05, 90.77861856405048
15:44:05, 90.43071166248266
15:44:07, 93.95932094951225
15:44:07, 93.56171306200619
15:44:07, 89.98324207445164
15:44:07, 89.58563418694558
15:44:07, 89.18802629943951
15:44:07, 88.79041841193346
15:44:07, 88.39281052442739
15:44:07, 88.0449036228596
15:44:08, 93.16402481720678
15:44:09, 92.71663558646911
15:44:09, 92.2693267130248
15:44:09, 91.87171882551873
15:44:09, 91.47411093801267
15:44:09, 91.0765030505066
15:44:09, 90.67889516300055
15:44:09, 90.28128727549449
15:44:09, 87.74653699264334
15:44:11, 89.73441571558695
15:44:10, 89.3865891713125
15:44:10, 88.98898128380642
15:44:11, 88.49189106713051
15:44:11, 88.09428317962445
15:44:12, 90.0822422598614
15:44:13, 87.69651457753167
15:44:15, 87.99455977857453
15:44:17, 87.69619314835826
15:44:19, 87.99423834940112
15:44:21, 87.69587171918486
15:44:23, 87.9939169202277
15:44:25, 87.69555029001145
15:44:27, 87.9935954910543
15:44:29, 87.69522886083804
15:44:31, 87.99327406188088
15:44:33, 87.64520644572637
15:44:35, 87.99295263270749
15:44:35, 87.24743784363362
15:44:37, 87.59515724485026
15:44:37, 86.79994146983815
15:44:37, 86.30295839622
15:44:39, 85.80578782225074
15:44:39, 85.45788092068294
15:44:40, 87.39613901498163
15:44:40, 86.99853112747556
15:44:41, 86.50144091079963
15:44:41, 86.10383302329357
15:44:41, 85.01038454688745
15:44:41, 84.51340147326933
15:44:40, 84.31467788680965
15:44:43, 85.50726047744779
15:44:43, 84.01620411353561
15:44:43, 83.51922103991747
15:44:44, 85.01017026077184
15:44:45, 84.51308004409593
15:44:45, 83.02202368018374
15:44:45, 82.52504060656563
15:44:45, 82.12743271905956
15:44:45, 81.7298248315535
15:44:45, 81.33221694404745
15:44:44, 81.13349335758775
15:44:46, 84.01598982742
15:44:46, 83.51889961074406
15:44:47, 80.8350195843137
15:44:46, 80.33803651069557
15:44:46, 79.94042862318952
15:44:46, 79.74170503672984
15:44:47, 83.02180939406814
15:44:47, 82.62420150656209
15:44:48, 82.12711128988614
15:44:48, 81.72950340238009
15:44:48, 81.33189551487403
15:44:49, 80.83480529819809
15:44:49, 80.43719741069204
15:44:50, 80.03950916589262
15:44:50, 79.69160226432481
15:44:54, 80.03918773671923
15:44:54, 79.69128083515142
15:44:59, 82.82209473432378
15:44:58, 82.32511166070566
15:44:58, 81.9275037731996
15:44:58, 81.52989588569353
15:44:58, 81.13228799818748
15:44:58, 80.73468011068141
15:44:58, 80.33707222317535
15:44:58, 79.9394643356693
15:44:57, 79.6413387773331
15:45:00, 83.81595373850223
15:45:00, 83.3189706648841
15:45:02, 82.82177330515037
15:45:02, 82.32479023153225
15:45:01, 82.02666467319607
15:45:01, 81.62905678569
15:45:01, 81.23144889818394
15:45:01, 80.83384101067787
15:45:01, 80.43623312317182
15:45:01, 80.03862523566576
15:45:01, 79.74041932003621
15:45:04, 86.59891430763571
15:45:04, 86.20130642012964
15:45:04, 85.80369853262359
15:45:04, 85.40609064511753
15:45:04, 85.00848275761146
15:45:04, 84.6108748701054
15:45:04, 84.21326698259934
15:45:04, 83.81565909509328
15:45:03, 83.41813156488057
15:45:06, 87.79155046980273
15:45:06, 87.2945673961846
15:45:06, 86.89695950867853
15:45:08, 86.39978893470926
15:45:08, 86.00218104720321
15:45:08, 85.60457315969714
15:45:08, 85.20696527219108
15:45:08, 84.80935738468503
15:45:07, 84.41182985447232
15:45:07, 84.01422196696626
15:45:07, 83.71601605133671
15:45:10, 87.89065779827028
15:45:10, 87.49304991076423
15:45:10, 87.09544202325816
15:45:10, 86.6978341357521
15:45:11, 86.20074391907617
15:45:12, 85.80305567427676
15:45:12, 85.40544778677071
15:45:12, 85.00783989926464
15:45:12, 84.7096339836351
15:45:16, 85.00751847009123
15:45:16, 84.70931255446169
15:45:20, 85.00719704091782
15:45:20, 84.60958915341176
15:45:20, 84.21198126590569
15:45:20, 83.81437337839964
15:45:20, 83.41676549089358
15:45:20, 83.01915760338751
15:45:20, 82.67125070181972
15:45:22, 82.22375432802424
15:45:22, 81.72677125440612
15:45:22, 81.32916336690006
15:45:22, 80.93155547939399
15:45:21, 80.73283189293431
15:45:23, 84.80815202528474
15:45:23, 84.41054413777867
15:45:23, 84.01293625027262
15:45:24, 83.6152480054732
15:45:24, 83.21764011796715
15:45:24, 82.82003223046108
15:45:25, 82.42234398566167
15:45:25, 82.02473609815561
15:45:25, 81.62712821064954
15:45:26, 81.13003799397362
15:45:26, 80.7821310924058
15:45:29, 81.03031459292369
15:45:29, 80.73210867729414
15:45:33, 81.02999316375029
15:45:33, 80.73178724812074
15:45:37, 81.02967173457688
15:45:37, 80.73146581894733
15:45:41, 81.02935030540347
15:45:41, 80.73114438977392
15:45:45, 81.02902887623006
15:45:45, 80.7308229606005
15:45:49, 81.22751139080968
15:45:49, 80.82990350330361
15:45:51, 81.62493177796459
15:45:52, 81.12786834705311
15:45:55, 82.22104896581472
15:45:55, 81.82344107830866
15:45:54, 81.42591354809595
15:45:57, 82.61846935296964
15:45:58, 82.02200395018164
15:46:01, 83.21455975505532
15:46:01, 82.7175766814372
15:46:00, 82.419451123101
15:46:05, 83.810650157141
15:46:05, 83.31366708352287
15:46:04, 83.01554152518668
15:46:09, 84.40674055922668
15:46:08, 83.90975748560855
15:46:07, 83.61163192727236
15:46:12, 85.00285774707682
15:46:12, 84.60524985957076
15:46:12, 84.25734295800295
15:46:15, 85.40027813423173
15:46:15, 84.80381273144373
15:46:19, 85.9963685363174
15:46:18, 85.49938546269928
15:46:17, 85.20125990436308
15:46:22, 86.59245893840308
15:46:22, 86.09547586478497
15:46:21, 85.79735030644876
15:46:26, 87.18854934048878
15:46:26, 86.69156626687065
15:46:25, 86.39344070853444
15:46:30, 87.7846665283389
15:46:30, 87.38705864083285
15:46:30, 87.03915173926504
15:46:32, 88.18208691549381
15:46:33, 87.58562151270581
15:46:36, 88.7781773175795
15:46:36, 88.28119424396137
15:46:35, 87.98306868562517
15:46:38, 89.62296014970761
15:46:40, 89.1754905616766
15:46:40, 88.77788267417054
15:46:39, 88.47975711583435
15:46:42, 89.97054562210202
15:46:42, 89.57293773459597
15:46:44, 89.2745711043797
15:46:46, 90.16902813668165
15:46:46, 89.77142024917558
15:46:47, 90.56647530960099
15:46:50, 90.96389569675591
15:46:50, 90.20181391236929
15:46:48, 89.77117917729552
15:46:54, 91.55998609884159
15:46:53, 91.06300302522345
15:46:52, 90.76487746688727
15:46:52, 90.06906366375166
15:46:58, 92.15607650092727
15:46:57, 91.65909342730913
15:46:56, 91.36096786897295
15:47:01, 92.75216690301295
15:47:01, 92.25518382939484
15:47:00, 91.95705827105863
15:47:05, 93.34828409086309
15:47:05, 92.95067620335703
15:47:05, 92.60276930178922
15:47:07, 93.74570447801798
15:47:08, 93.14923907523
15:47:11, 94.34179488010368
15:47:11, 93.84481180648555
15:47:10, 93.54668624814936
15:47:15, 94.93788528218936
15:47:15, 94.44090220857123
15:47:14, 94.14277665023504
15:47:19, 95.53397568427505
15:47:19, 95.03699261065692
15:47:18, 94.73886705232073
15:47:23, 96.13006608636073
15:47:23, 95.68278399868086
15:47:22, 95.3349574544064
15:47:27, 96.7261564884464
15:47:27, 96.22917341482828
15:47:27, 95.88126651326047
15:47:30, 96.82526381691396
15:47:30, 96.4276559294079
15:47:30, 96.03004804190184
15:47:30, 95.68214114033404
15:47:34, 95.93032464085192
15:47:34, 95.63211872522238
15:47:38, 95.93000321167851
15:47:38, 95.63179729604897
15:47:42, 95.9296817825051
15:47:42, 95.63147586687556
15:47:46, 95.92936035333169
15:47:46, 95.63115443770215
15:47:50, 95.92903892415828
15:47:50, 95.63083300852874
15:47:54, 95.92871749498488
15:47:54, 95.53110960747883
15:47:56, 95.1333142196216
15:47:58, 95.63019015018193
15:47:58, 94.68587141735503
15:48:00, 95.13301957621263
15:48:00, 94.33780380120052
15:48:02, 94.63584900224336
15:48:02, 93.9400084133433
15:48:01, 93.64190964077157
15:48:04, 93.34346265326197
15:48:05, 94.13859807098073
15:48:06, 93.74090982618131
15:48:06, 92.9456940511692
15:48:08, 93.34314122408855
15:48:08, 92.54792544907643
15:48:09, 92.84597065011927
15:48:10, 92.15013006121922
15:48:08, 91.85203128864747
15:48:11, 91.55358430113787
15:48:12, 92.34871971885663
15:48:13, 91.95103147405723
15:48:13, 91.1558156990451
15:48:15, 91.45386090008795
15:48:16, 90.75802031118789
15:48:17, 90.16147455110655
15:48:17, 89.76386666360048
15:48:18, 90.95660996882532
15:48:19, 90.5589217240259
15:48:21, 90.16115312193314
15:48:21, 89.76354523442707
15:48:25, 89.9620277490067
15:48:25, 89.66382183337714
15:48:29, 89.96170631983328
15:48:29, 89.66350040420373
15:48:33, 89.96138489065989
15:48:33, 89.66317897503033
15:48:37, 89.96106346148648
15:48:37, 89.66285754585692
15:48:41, 89.96074203231306
15:48:41, 89.61283513074525
15:48:43, 89.2150665286525
15:48:45, 89.96042060313965
15:48:45, 89.5628127156336
15:48:45, 88.76759694062147
15:48:45, 88.3699890531154
15:48:45, 87.97238116560935
15:48:45, 87.57477327810328
15:48:45, 87.17716539059722
15:48:45, 86.77955750309117
15:48:45, 86.3819496155851
15:48:45, 85.98434172807904
15:48:45, 85.58673384057298
15:48:45, 85.18912595306692
15:48:45, 84.84121905149911
15:48:47, 89.16504411354083
15:48:48, 90.0098001599045
15:48:48, 89.61219227239843
15:48:48, 88.76735586874142
15:48:48, 88.36974798123535
15:48:48, 87.9721400937293
15:48:48, 87.57453220622322
15:48:48, 87.17692431871717
15:48:48, 86.77931643121111
15:48:48, 86.38170854370505
15:48:48, 85.98410065619899
15:48:48, 85.58649276869292
15:48:48, 85.18880452389351
15:48:48, 84.79119663638745
15:48:52, 84.98967915096708
15:48:52, 84.69147323533754
15:48:56, 84.98935772179367
15:48:56, 84.69115180616413
15:49:00, 84.98903629262026
15:49:00, 84.69083037699072
15:49:04, 84.98871486344684
15:49:04, 84.6905089478173
15:49:08, 84.98839343427343
15:49:08, 84.6901875186439
15:49:12, 84.98807200510004
15:49:12, 84.6898660894705
15:49:16, 84.98775057592663
15:49:16, 84.68954466029709
15:49:20, 84.98742914675321
15:49:20, 84.68922323112368
15:49:24, 84.9871077175798
15:49:24, 84.68890180195027
15:49:28, 84.98678628840639
15:49:28, 84.68858037277685
15:49:31, 84.986464859233
15:49:31, 84.68825894360346
15:49:35, 84.98614343005958
15:49:35, 84.68793751443005
15:49:39, 84.98582200088617
15:49:39, 84.68761608525664
15:49:43, 84.98550057171276
15:49:43, 84.68729465608322
15:49:47, 84.98517914253935
15:49:47, 84.68697322690981
15:49:51, 84.98485771336595
15:49:51, 84.63695081179816
15:49:53, 84.18948122376712
15:49:53, 83.79187333626106
15:49:55, 84.88513431231603
15:49:55, 84.48752642480997
15:49:55, 83.39407794840385
15:49:55, 82.89709487478572
15:49:57, 83.89095387896417
15:49:58, 83.39386366228825
15:49:59, 82.99617541748883
15:49:59, 82.69796950185929
15:50:03, 82.99585398831542
15:50:03, 82.69764807268588
15:50:07, 82.995532559142
15:50:07, 82.69732664351247
15:50:10, 82.9952111299686
15:50:10, 82.69700521433907
15:50:14, 82.9948897007952
15:50:14, 82.69668378516566
15:50:18, 82.99456827162179
15:50:18, 82.69636235599225
15:50:22, 83.39185472995445
15:50:22, 82.99424684244838
15:50:22, 82.69604092681884
15:50:24, 83.78927511710934
15:50:26, 84.38555301954618
15:50:25, 83.19280971432136
15:50:25, 82.8946037986918
15:50:28, 84.78300019246555
15:50:28, 83.98778441745343
15:50:27, 83.59025688724071
15:50:30, 85.1804473653849
15:50:30, 84.38523159037277
15:50:32, 85.5778677525398
15:50:32, 84.88208073516864
15:50:34, 86.17414565497664
15:50:36, 86.571592827896
15:50:36, 85.77637705288387
15:50:35, 85.37884952267117
15:50:38, 86.96904000081535
15:50:38, 86.17382422580323
15:50:40, 87.36646038797026
15:50:40, 86.6706733705991
15:50:42, 87.9627382904071
15:50:44, 88.36018546332646
15:50:44, 87.56496968831433
15:50:43, 87.16744215810162
15:50:46, 88.75760585048137
15:50:46, 87.96239007546924
15:50:48, 87.3658443153879
15:50:48, 86.96823642788183
15:50:48, 86.57062854037578
15:50:48, 86.17302065286971
15:50:48, 85.82511375130191
15:50:50, 88.85671317894892
15:50:50, 88.45910529144285
15:50:50, 88.0614974039368
15:50:50, 87.66388951643073
15:50:50, 87.16679929975481
15:50:50, 86.76919141224876
15:50:51, 86.27210119557282
15:50:51, 85.87449330806676
15:50:50, 85.67576972160708
15:50:55, 85.97357385076987
15:50:55, 85.67536793514032
15:50:59, 85.97325242159646
15:50:59, 85.6750465059669
15:51:03, 85.97293099242306
15:51:03, 85.67472507679351
15:51:07, 85.97260956324965
15:51:07, 85.6744036476201
15:51:11, 85.97228813407624
15:51:11, 85.67408221844669
15:51:15, 85.97196670490283
15:51:15, 85.67376078927327
